Workbook

Sheet Inventory
A1: Material ID | B1: Material Name | C1: Opening Stock | D1: Received Qty | E1: Used Qty | F1: Unit Cost (₹) | G1: Closing Stock | H1: Minimum Stock | I1: Stock Status | J1: Closing Stock Value | L1: Inventory Summary
A2: M001 | B2: Stainless Steel Sheets | C2: 100 | D2: 50 | E2: 80 | F2: 200 | G2: =C2+D2-E2 -> 70 | H2: 60 | I2: =IF(G2<H2,"REORDER","OK") -> OK | J2: =G2*F2 -> 14000 | L2: Total Materials | M2: =COUNTA(B2:B6) -> 5
A3: M002 | B3: Bottle Caps | C3: 500 | D3: 300 | E3: 400 | F3: 5 | G3: =C3+D3-E3 -> 400 | H3: 350 | I3: =IF(G3<H3,"REORDER","OK") -> OK | J3: =G3*F3 -> 2000 | L3: Total Stock Value | M3: =SUM(J2:J6) -> 19690
A4: M003 | B4: Plastic Lids | C4: 300 | D4: 100 | E4: 250 | F4: 8 | G4: =C4+D4-E4 -> 150 | H4: 200 | I4: =IF(G4<H4,"REORDER","OK") -> REORDER | J4: =G4*F4 -> 1200 | L4: Materials to Reorder | M4: =COUNTIF(I2:I6,"REORDER") -> 2
A5: M004 | B5: Packaging Boxes | C5: 200 | D5: 150 | E5: 180 | F5: 12 | G5: =C5+D5-E5 -> 170 | H5: 150 | I5: =IF(G5<H5,"REORDER","OK") -> OK | J5: =G5*F5 -> 2040
A6: M005 | B6: Rubber Seals | C6: 400 | D6: 100 | E6: 350 | F6: 3 | G6: =C6+D6-E6 -> 150 | H6: 200 | I6: =IF(G6<H6,"REORDER","OK") -> REORDER | J6: =G6*F6 -> 450
J7: =SUM(J2:J6) -> 19690

Sheet Production
A1: Date | B1: Product | C1: Daily Target | D1: Produced Qty | E1: Sold Qty | F1: Target Achievement | G1: Unsold Qty | H1: Production Status | J1: Production Summary
A2: 46315 | B2: Steel Water Bottle | C2: 100 | D2: 90 | E2: 75 | F2: =D2/C2 -> 0.9 | G2: =D2-E2 -> 15 | H2: =IF(D2>=C2,"Target Met","Below Target") -> Below Target | J2: Total Produced | K2: =SUM(D2:D6) -> 480
A3: 46316 | B3: Steel Water Bottle | C3: 100 | D3: 110 | E3: 95 | F3: =D3/C3 -> 1.1 | G3: =D3-E3 -> 15 | H3: =IF(D3>=C3,"Target Met","Below Target") -> Target Met | J3: Total Sold | K3: =SUM(E2:E6) -> 425
A4: 46317 | B4: Steel Water Bottle | C4: 100 | D4: 85 | E4: 80 | F4: =D4/C4 -> 0.85 | G4: =D4-E4 -> 5 | H4: =IF(D4>=C4,"Target Met","Below Target") -> Below Target | J4: Days Target Met | K4: =COUNTIF(H2:H6,"Target Met") -> 2
A5: 46318 | B5: Steel Water Bottle | C5: 100 | D5: 100 | E5: 90 | F5: =D5/C5 -> 1 | G5: =D5-E5 -> 10 | H5: =IF(D5>=C5,"Target Met","Below Target") -> Target Met
A6: 46319 | B6: Steel Water Bottle | C6: 100 | D6: 95 | E6: 85 | F6: =D6/C6 -> 0.95 | G6: =D6-E6 -> 10 | H6: =IF(D6>=C6,"Target Met","Below Target") -> Below Target

Sheet Dashboard
A1: FACTORY PERFORMANCE DASHBOARD
A3: Production Summary
A4: Total Produced | B4: =SUM(Production!D2:D6) -> 480
A5: Total Sold | B5: =SUM(Production!E2:E6) -> 425
A6: Days Target Met | B6: =COUNTIF(Production!H2:H6,"Target Met") -> 2
A7: Total Inventory Value | B7: =SUM(Inventory!J2:J6) -> 19690
A8: Materials to Reorder | B8: =COUNTIF(Inventory!I2:I6,"REORDER") -> 2
